"1990","  13,568 ","  8,297 ","  3,251 ","  1,826 ","  33,036 ","  3,377 ","  16,956 ","  7,723 ","  7,200 ","  5,375 ","  9,969 ","  4,817 ","  8,361 ","  111,437 ","  8,894 ","  500 ","  4,424 ","  10,201 ","  6,574 ","  151,170 ","  262 ","  1,265 ","  3,085 ","  27,791 ","  6,837 ","  13,129 ","  1,135,185 ","  12,491 ","  11,884 ","  39,047 ","  2,266 ","  32,957 ","  430 ","  340 ","  3,027 ","  15,572 ","  10,597 ","  681 ","  10,310 ","  79,380 ","  499 ","  70 ","  5,141 ","  7,083 ","  25,089 ","  10,318 ","  56,683 ","  39,351 ","  1,569 ","  49,214 ","  4,986 ","  58,168 ","  938 ","  57,493 ","  5,426 ","  15,414 ","  5,807 ","  951 ","  994 ","  371 ","  10,130 ","  8,966 ","  5,688 ","  4,798 ","  4,508 ","  6,725 ","  10,372 ","  179,323 ","  839,000 ","  3,508 ","  56,669 ","  18,135 ","  255 ","  4,478 ","  56,743 ","  2,348 ","  3,262 ","  123,537 ","  16,398 ","  23,354 ","  4,382 ","  9,345 ","  42,869 ","  2,142 ","  4,210 ","  3,150 ","  2,178 ","  4,140 ","  138 ","  17,365 ","  1,703 ","  3,695 ","  383 ","  2,664 ","  24,735 ","  4,394 ","  11,633 ","  84,914 ","  1,861 ","  8,085 ","  359 ","  39,243 ","  583 ","  2,121 ","  12,667 ","  1,925 ","  1,062 ","  9,536 ","  17,507 ","  1,471 ","  7,842 ","  96,604 ","  3,644 ","  14,952 ","  4,242 ","  18,649 ","  3,414 ","  1,773 ","  114,607 ","  2,393 ","  21,600 ","  65,088 ","  38,119 ","  3,537 ","  20,451 ","  9,923 ","  4,244 ","  1,898 ","  446 ","  22,866 ","  147,973 ","  6,982 ","  16,061 ","  20,469 ","  8,001 ","  3,047 ","  4,228 ","  5,110 ","  7,786 ","  116 ","  288,361 ","  5,263 ","  1,991 ","  8,559 ","  881 ","  71 ","  12,436 ","  5,841 ","  3,721 ","  55,197 ","  5,272 ","  3,658 ","  1,255 ","  8,211 ","  56,561 ","  20,172 ","  25,214 ","  17,456 ","  51,622 ","  3,110 ","  250,132 ","  20,530 ","  19,325 ","  67,283 ","  12,416 ","  23,016 ","  38,476 ","  7,978 ","  10,156 "
"1991","  13,672 ","  8,587 ","  3,187 ","  1,935 ","  33,505 ","  3,434 ","  17,162 ","  7,800 ","  7,300 ","  5,493 ","  10,006 ","  4,977 ","  8,646 ","  113,756 ","  8,806 ","  514 ","  4,437 ","  10,206 ","  6,731 ","  153,735 ","  263 ","  1,303 ","  3,174 ","  28,148 ","  6,923 ","  13,371 ","  1,149,979 ","  13,246 ","  12,258 ","  40,407 ","  2,333 ","  33,642 ","  440 ","  347 ","  3,097 ","  15,587 ","  10,697 ","  699 ","  10,285 ","  79,961 ","  552 ","  70 ","  5,154 ","  7,211 ","  25,722 ","  10,430 ","  57,731 ","  39,451 ","  1,561 ","  51,120 ","  5,014 ","  58,514 ","  961 ","  57,671 ","  5,425 ","  15,754 ","  6,215 ","  991 ","  1,014 ","  381 ","  10,252 ","  9,218 ","  5,750 ","  4,937 ","  4,425 ","  6,850 ","  10,371 ","  182,436 ","  854,581 ","  3,528 ","  57,989 ","  18,624 ","  258 ","  4,650 ","  56,782 ","  2,381 ","  3,440 ","  124,028 ","  16,522 ","  24,105 ","  4,446 ","  9,683 ","  43,296 ","  2,077 ","  4,331 ","  3,283 ","  1,907 ","  4,248 ","  139 ","  17,576 ","  1,732 ","  3,701 ","  388 ","  2,651 ","  25,202 ","  4,401 ","  11,989 ","  86,441 ","  1,868 ","  8,653 ","  366 ","  39,885 ","  591 ","  2,170 ","  12,857 ","  1,973 ","  1,072 ","  9,874 ","  17,991 ","  1,512 ","  8,072 ","  98,958 ","  3,839 ","  15,070 ","  4,262 ","  19,150 ","  3,455 ","  1,853 ","  117,782 ","  2,441 ","  22,061 ","  66,553 ","  38,255 ","  3,562 ","  20,813 ","  9,900 ","  4,367 ","  1,998 ","  457 ","  22,668 ","  147,973 ","  7,149 ","  16,594 ","  21,254 ","  8,225 ","  3,152 ","  4,335 ","  5,196 ","  7,752 ","  119 ","  289,949 ","  5,267 ","  1,992 ","  8,618 ","  921 ","  72 ","  12,805 ","  6,034 ","  3,846 ","  55,936 ","  5,407 ","  3,745 ","  1,260 ","  8,370 ","  57,740 ","  20,375 ","  25,925 ","  18,067 ","  51,730 ","  3,124 ","  253,497 ","  21,059 ","  19,765 ","  68,663 ","  13,044 ","  23,097 ","  39,300 ","  8,203 ","  10,435 "
"1992","  15,023 ","  8,899 ","  3,078 ","  2,050 ","  33,967 ","  3,357 ","  17,338 ","  7,887 ","  7,412 ","  5,652 ","  10,047 ","  5,144 ","  8,943 ","  116,169 ","  8,712 ","  528 ","  4,233 ","  10,228 ","  6,893 ","  156,281 ","  265 ","  1,343 ","  3,267 ","  28,487 ","  6,999 ","  13,685 ","  1,163,363 ","  13,654 ","  12,637 ","  41,735 ","  2,401 ","  34,314 ","  451 ","  356 ","  3,172 ","  15,619 ","  10,780 ","  718 ","  10,295 ","  80,571 ","  547 ","  70 ","  5,171 ","  7,335 ","  26,387 ","  10,554 ","  58,583 ","  39,645 ","  1,533 ","  52,875 ","  5,042 ","  58,801 ","  970 ","  57,828 ","  5,366 ","  16,092 ","  6,436 ","  1,034 ","  1,036 ","  392 ","  10,331 ","  9,478 ","  5,821 ","  5,084 ","  4,318 ","  6,983 ","  10,367 ","  185,561 ","  870,986 ","  3,553 ","  59,096 ","  19,159 ","  261 ","  4,824 ","  56,821 ","  2,413 ","  3,639 ","  124,467 ","  16,583 ","  24,986 ","  4,489 ","  10,118 ","  43,748 ","  1,955 ","  4,454 ","  3,457 ","  2,009 ","  4,354 ","  141 ","  17,777 ","  1,762 ","  3,697 ","  393 ","  2,615 ","  25,659 ","  4,402 ","  12,357 ","  87,906 ","  1,889 ","  8,961 ","  370 ","  40,419 ","  622 ","  2,210 ","  13,006 ","  2,043 ","  1,085 ","  10,203 ","  18,466 ","  1,551 ","  8,313 ","  101,378 ","  4,007 ","  15,184 ","  4,287 ","  19,705 ","  3,494 ","  1,940 ","  119,974 ","  2,489 ","  22,528 ","  67,933 ","  38,372 ","  3,585 ","  21,182 ","  9,892 ","  4,492 ","  2,106 ","  464 ","  22,464 ","  148,272 ","  7,329 ","  17,098 ","  22,069 ","  8,449 ","  3,256 ","  4,246 ","  5,286 ","  7,712 ","  121 ","  290,950 ","  5,268 ","  1,990 ","  8,668 ","  957 ","  73 ","  13,177 ","  6,275 ","  3,973 ","  56,675 ","  5,500 ","  3,830 ","  1,263 ","  8,529 ","  58,872 ","  20,569 ","  26,674 ","  18,703 ","  51,869 ","  3,137 ","  257,037 ","  21,609 ","  20,204 ","  70,005 ","  13,735 ","  22,905 ","  40,079 ","  8,431 ","  10,720 "
"1993","  17,003 ","  9,242 ","  3,072 ","  2,171 ","  34,408 ","  3,185 ","  17,498 ","  7,952 ","  7,528 ","  5,433 ","  10,086 ","  5,393 ","  9,250 ","  118,566 ","  8,643 ","  541 ","  3,913 ","  10,251 ","  7,054 ","  158,813 ","  266 ","  1,387 ","  3,367 ","  28,815 ","  7,063 ","  13,904 ","  1,176,727 ","  14,183 ","  13,026 ","  43,175 ","  2,474 ","  34,969 ","  461 ","  366 ","  3,261 ","  15,650 ","  10,850 ","  736 ","  10,306 ","  81,103 ","  534 ","  70 ","  5,189 ","  7,451 ","  27,045 ","  10,754 ","  59,434 ","  39,851 ","  1,494 ","  54,166 ","  5,066 ","  59,050 ","  1,016 ","  57,966 ","  5,264 ","  16,493 ","  6,602 ","  1,077 ","  1,063 ","  403 ","  10,391 ","  9,750 ","  5,930 ","  5,237 ","  4,341 ","  7,139 ","  10,355 ","  188,687 ","  887,634 ","  3,570 ","  60,044 ","  19,734 ","  264 ","  5,000 ","  56,856 ","  2,446 ","  3,844 ","  124,870 ","  16,523 ","  25,765 ","  4,480 ","  10,598 ","  44,195 ","  1,812 ","  4,581 ","  3,648 ","  2,084 ","  4,459 ","  143 ","  17,965 ","  1,791 ","  3,680 ","  399 ","  2,564 ","  26,119 ","  4,401 ","  12,737 ","  89,338 ","  1,918 ","  9,192 ","  373 ","  41,003 ","  623 ","  2,242 ","  13,398 ","  2,119 ","  1,099 ","  10,333 ","  18,933 ","  1,592 ","  8,570 ","  103,916 ","  4,156 ","  15,290 ","  4,313 ","  20,278 ","  3,537 ","  2,027 ","  122,052 ","  2,538 ","  23,000 ","  69,347 ","  38,470 ","  3,615 ","  21,563 ","  9,904 ","  4,618 ","  2,218 ","  470 ","  22,434 ","  148,073 ","  7,650 ","  17,574 ","  22,829 ","  8,669 ","  3,360 ","  4,100 ","  5,331 ","  7,706 ","  123 ","  291,212 ","  5,289 ","  1,985 ","  8,719 ","  984 ","  73 ","  13,554 ","  6,211 ","  3,953 ","  57,408 ","  5,546 ","  3,917 ","  1,265 ","  8,687 ","  60,003 ","  20,759 ","  27,562 ","  19,391 ","  51,887 ","  3,149 ","  260,449 ","  22,127 ","  20,641 ","  71,311 ","  14,456 ","  22,666 ","  40,906 ","  8,659 ","  10,984 "
"1994","  18,486 ","  9,601 ","  3,117 ","  2,292 ","  34,847 ","  3,060 ","  17,670 ","  7,983 ","  7,637 ","  5,446 ","  10,118 ","  5,605 ","  9,587 ","  120,935 ","  8,614 ","  555 ","  3,727 ","  10,239 ","  7,215 ","  161,327 ","  267 ","  1,430 ","  3,466 ","  29,126 ","  7,120 ","  14,118 ","  1,189,962 ","  14,874 ","  13,423 ","  44,702 ","  2,549 ","  35,601 ","  472 ","  376 ","  3,356 ","  15,675 ","  10,893 ","  751 ","  10,310 ","  81,384 ","  547 ","  71 ","  5,206 ","  7,565 ","  27,647 ","  11,013 ","  60,299 ","  40,041 ","  1,463 ","  55,636 ","  5,088 ","  59,265 ","  1,032 ","  58,114 ","  5,141 ","  16,874 ","  6,796 ","  1,120 ","  1,088 ","  414 ","  10,444 ","  10,031 ","  6,050 ","  5,395 ","  4,390 ","  7,300 ","  10,341 ","  191,867 ","  904,486 ","  3,584 ","  60,916 ","  20,342 ","  266 ","  5,178 ","  56,867 ","  2,480 ","  4,035 ","  125,217 ","  16,289 ","  26,399 ","  4,472 ","  10,947 ","  44,642 ","  1,696 ","  4,712 ","  3,824 ","  2,069 ","  4,563 ","  145 ","  18,135 ","  1,819 ","  3,654 ","  404 ","  2,521 ","  26,578 ","  4,392 ","  13,128 ","  90,756 ","  1,935 ","  9,463 ","  377 ","  41,732 ","  623 ","  2,272 ","  14,313 ","  2,183 ","  1,111 ","  10,102 ","  19,419 ","  1,634 ","  8,840 ","  106,571 ","  4,289 ","  15,383 ","  4,337 ","  20,844 ","  3,586 ","  2,102 ","  124,813 ","  2,588 ","  23,462 ","  70,853 ","  38,551 ","  3,649 ","  21,852 ","  9,931 ","  4,746 ","  2,349 ","  475 ","  22,401 ","  148,173 ","  5,992 ","  18,020 ","  23,354 ","  8,892 ","  3,464 ","  3,978 ","  5,388 ","  7,701 ","  125 ","  291,052 ","  5,309 ","  1,983 ","  8,781 ","  988 ","  74 ","  13,939 ","  6,322 ","  3,982 ","  58,134 ","  5,604 ","  4,003 ","  1,265 ","  8,838 ","  61,135 ","  20,940 ","  28,625 ","  20,103 ","  51,638 ","  3,162 ","  263,662 ","  22,604 ","  21,075 ","  72,586 ","  15,160 ","  22,583 ","  41,590 ","  8,888 ","  11,109 "
"1995","  19,445 ","  9,964 ","  3,164 ","  2,412 ","  35,274 ","  2,995 ","  17,894 ","  7,995 ","  7,731 ","  5,812 ","  10,139 ","  5,721 ","  9,924 ","  123,279 ","  8,576 ","  569 ","  3,636 ","  10,205 ","  7,375 ","  163,819 ","  268 ","  1,473 ","  3,544 ","  29,431 ","  7,168 ","  14,326 ","  1,202,581 ","  15,436 ","  13,824 ","  46,581 ","  2,621 ","  36,207 ","  483 ","  385 ","  3,449 ","  15,685 ","  10,921 ","  765 ","  10,303 ","  81,624 ","  553 ","  71 ","  5,233 ","  7,683 ","  28,208 ","  11,266 ","  61,183 ","  40,218 ","  1,437 ","  57,289 ","  5,108 ","  59,474 ","  1,041 ","  58,268 ","  5,037 ","  17,171 ","  7,009 ","  1,161 ","  1,106 ","  426 ","  10,493 ","  10,319 ","  6,200 ","  5,556 ","  4,360 ","  7,464 ","  10,327 ","  195,127 ","  921,509 ","  3,603 ","  61,772 ","  20,977 ","  267 ","  5,357 ","  56,868 ","  2,513 ","  4,198 ","  125,537 ","  16,022 ","  27,092 ","  4,516 ","  11,207 ","  45,093 ","  1,642 ","  4,846 ","  3,965 ","  2,075 ","  4,630 ","  146 ","  18,284 ","  1,848 ","  3,626 ","  410 ","  2,485 ","  26,986 ","  4,375 ","  13,532 ","  92,155 ","  1,954 ","  9,758 ","  379 ","  42,463 ","  624 ","  2,306 ","  15,118 ","  2,235 ","  1,123 ","  9,993 ","  19,913 ","  1,675 ","  9,133 ","  109,343 ","  4,402 ","  15,459 ","  4,360 ","  21,359 ","  3,642 ","  2,157 ","  127,886 ","  2,638 ","  23,902 ","  72,489 ","  38,604 ","  3,683 ","  22,107 ","  9,965 ","  4,876 ","  2,506 ","  481 ","  22,356 ","  147,973 ","  5,265 ","  18,440 ","  23,892 ","  9,123 ","  3,567 ","  3,881 ","  5,470 ","  7,691 ","  127 ","  290,855 ","  5,325 ","  1,983 ","  8,827 ","  994 ","  75 ","  14,334 ","  6,586 ","  4,203 ","  58,858 ","  5,678 ","  4,078 ","  1,264 ","  8,969 ","  62,273 ","  21,117 ","  29,544 ","  20,680 ","  51,248 ","  3,175 ","  266,821 ","  23,067 ","  21,507 ","  73,810 ","  15,813 ","  22,554 ","  42,118 ","  9,118 ","  11,208 "
"1996","  20,111 ","  10,313 ","  3,209 ","  2,536 ","  35,683 ","  2,985 ","  18,102 ","  8,006 ","  7,815 ","  5,815 ","  10,159 ","  5,874 ","  10,269 ","  125,623 ","  8,531 ","  584 ","  3,649 ","  10,171 ","  7,534 ","  166,306 ","  269 ","  1,515 ","  3,622 ","  29,740 ","  7,199 ","  14,530 ","  1,215,171 ","  15,887 ","  14,231 ","  47,559 ","  2,692 ","  36,796 ","  494 ","  395 ","  3,541 ","  15,685 ","  10,963 ","  777 ","  10,291 ","  81,861 ","  568 ","  71 ","  5,263 ","  7,806 ","  28,721 ","  11,526 ","  62,094 ","  40,386 ","  1,416 ","  58,915 ","  5,125 ","  59,680 ","  1,061 ","  58,417 ","  4,961 ","  17,464 ","  7,236 ","  1,202 ","  1,123 ","  438 ","  10,539 ","  10,610 ","  6,350 ","  5,719 ","  4,300 ","  7,629 ","  10,309 ","  198,466 ","  938,667 ","  3,632 ","  62,629 ","  21,637 ","  269 ","  5,520 ","  56,884 ","  2,546 ","  4,330 ","  125,812 ","  15,872 ","  27,813 ","  4,580 ","  11,456 ","  45,525 ","  1,663 ","  4,948 ","  4,057 ","  2,130 ","  4,668 ","  148 ","  18,409 ","  1,869 ","  3,599 ","  415 ","  2,458 ","  27,339 ","  4,354 ","  13,948 ","  93,508 ","  1,971 ","  10,075 ","  382 ","  43,143 ","  624 ","  2,341 ","  15,520 ","  2,271 ","  1,135 ","  10,205 ","  20,419 ","  1,716 ","  9,443 ","  112,235 ","  4,503 ","  15,530 ","  4,382 ","  21,804 ","  3,697 ","  2,188 ","  131,363 ","  2,690 ","  24,326 ","  74,209 ","  38,633 ","  3,725 ","  22,324 ","  10,003 ","  5,006 ","  2,671 ","  489 ","  22,292 ","  147,973 ","  6,335 ","  18,831 ","  24,442 ","  9,359 ","  3,668 ","  3,811 ","  5,551 ","  7,708 ","  130 ","  290,625 ","  5,336 ","  1,982 ","  8,841 ","  1,018 ","  76 ","  14,742 ","  6,862 ","  4,402 ","  59,560 ","  5,764 ","  4,142 ","  1,262 ","  9,092 ","  63,423 ","  21,283 ","  30,164 ","  21,270 ","  50,813 ","  3,190 ","  269,944 ","  23,524 ","  21,936 ","  74,974 ","  16,402 ","  22,502 ","  42,643 ","  9,354 ","  11,405 "
"1997","  20,769 ","  10,651 ","  3,231 ","  2,668 ","  36,103 ","  2,978 ","  18,279 ","  8,015 ","  7,897 ","  5,820 ","  10,183 ","  6,055 ","  10,507 ","  128,012 ","  8,480 ","  600 ","  3,681 ","  10,129 ","  7,695 ","  168,806 ","  270 ","  1,555 ","  3,707 ","  30,039 ","  7,217 ","  14,727 ","  1,227,453 ","  16,304 ","  14,643 ","  48,436 ","  2,750 ","  37,279 ","  506 ","  404 ","  3,630 ","  15,684 ","  11,014 ","  788 ","  10,280 ","  81,980 ","  592 ","  70 ","  5,285 ","  7,928 ","  29,200 ","  11,792 ","  63,360 ","  40,556 ","  1,400 ","  60,449 ","  5,140 ","  59,887 ","  1,086 ","  58,567 ","  4,912 ","  17,772 ","  7,296 ","  1,242 ","  1,145 ","  451 ","  10,591 ","  10,900 ","  6,399 ","  5,881 ","  4,280 ","  7,792 ","  10,288 ","  201,698 ","  955,884 ","  3,668 ","  63,475 ","  22,320 ","  271 ","  5,666 ","  56,914 ","  2,579 ","  4,435 ","  126,112 ","  15,692 ","  28,576 ","  4,644 ","  11,693 ","  45,954 ","  1,748 ","  5,055 ","  4,111 ","  2,317 ","  4,747 ","  150 ","  18,514 ","  1,884 ","  3,572 ","  421 ","  2,433 ","  27,682 ","  4,324 ","  14,377 ","  94,803 ","  1,985 ","  10,158 ","  385 ","  43,782 ","  624 ","  2,372 ","  15,861 ","  2,315 ","  1,148 ","  10,474 ","  20,958 ","  1,758 ","  9,752 ","  115,251 ","  4,598 ","  15,611 ","  4,406 ","  22,241 ","  3,738 ","  2,201 ","  134,717 ","  2,744 ","  24,732 ","  75,903 ","  38,658 ","  3,759 ","  22,443 ","  10,048 ","  5,134 ","  2,832 ","  501 ","  22,227 ","  147,474 ","  7,395 ","  19,200 ","  25,004 ","  9,593 ","  3,770 ","  3,765 ","  5,621 ","  7,694 ","  132 ","  290,281 ","  5,346 ","  1,979 ","  8,846 ","  1,032 ","  76 ","  15,163 ","  7,080 ","  4,572 ","  60,218 ","  5,864 ","  4,200 ","  1,260 ","  9,209 ","  64,584 ","  21,499 ","  30,878 ","  21,926 ","  50,371 ","  3,207 ","  273,203 ","  23,952 ","  22,362 ","  76,081 ","  16,939 ","  22,521 ","  43,169 ","  9,621 ","  11,611 "
"1998","  21,452 ","  10,990 ","  3,219 ","  2,810 ","  36,518 ","  2,972 ","  18,473 ","  8,024 ","  7,979 ","  5,955 ","  10,205 ","  6,253 ","  10,759 ","  130,476 ","  8,423 ","  619 ","  3,713 ","  10,092 ","  7,859 ","  171,317 ","  271 ","  1,594 ","  3,798 ","  30,297 ","  7,238 ","  14,918 ","  1,238,722 ","  16,677 ","  15,060 ","  49,607 ","  2,812 ","  37,858 ","  518 ","  413 ","  3,719 ","  15,681 ","  11,064 ","  798 ","  10,271 ","  81,993 ","  621 ","  70 ","  5,304 ","  8,051 ","  29,649 ","  12,051 ","  64,653 ","  40,724 ","  1,386 ","  61,981 ","  5,153 ","  60,103 ","  1,111 ","  58,738 ","  4,878 ","  18,103 ","  7,388 ","  1,282 ","  1,163 ","  464 ","  10,650 ","  11,192 ","  6,464 ","  6,046 ","  4,277 ","  7,957 ","  10,264 ","  204,872 ","  973,088 ","  3,707 ","  64,315 ","  23,023 ","  274 ","  5,815 ","  56,930 ","  2,612 ","  4,523 ","  126,451 ","  15,485 ","  29,375 ","  4,708 ","  11,915 ","  46,287 ","  1,872 ","  5,168 ","  4,150 ","  2,584 ","  4,870 ","  151 ","  18,609 ","  1,897 ","  3,546 ","  426 ","  2,410 ","  28,014 ","  4,286 ","  14,817 ","  96,051 ","  1,995 ","  10,286 ","  387 ","  44,407 ","  623 ","  2,403 ","  16,200 ","  2,374 ","  1,161 ","  10,756 ","  21,516 ","  1,799 ","  10,079 ","  118,391 ","  4,689 ","  15,707 ","  4,432 ","  22,672 ","  3,764 ","  2,203 ","  138,044 ","  2,797 ","  25,120 ","  77,546 ","  38,672 ","  3,781 ","  22,483 ","  10,099 ","  5,254 ","  2,915 ","  517 ","  22,182 ","  147,175 ","  7,721 ","  19,572 ","  25,580 ","  9,840 ","  3,868 ","  3,746 ","  5,693 ","  7,675 ","  135 ","  289,919 ","  5,353 ","  1,975 ","  8,851 ","  1,033 ","  77 ","  15,587 ","  7,310 ","  4,715 ","  60,853 ","  5,983 ","  4,262 ","  1,257 ","  9,317 ","  65,745 ","  21,683 ","  31,780 ","  22,622 ","  49,941 ","  3,222 ","  276,417 ","  24,342 ","  22,785 ","  77,136 ","  17,442 ","  22,586 ","  43,757 ","  9,893 ","  11,813 "
"1999","  22,206 ","  11,334 ","  3,193 ","  2,962 ","  36,924 ","  2,970 ","  18,683 ","  8,039 ","  8,056 ","  6,128 ","  10,228 ","  6,461 ","  11,075 ","  132,908 ","  8,376 ","  642 ","  3,811 ","  10,064 ","  8,026 ","  173,839 ","  273 ","  1,630 ","  3,889 ","  30,541 ","  7,273 ","  15,104 ","  1,248,899 ","  17,106 ","  15,483 ","  51,181 ","  2,886 ","  38,341 ","  531 ","  422 ","  3,805 ","  15,676 ","  11,108 ","  807 ","  10,260 ","  82,046 ","  646 ","  70 ","  5,322 ","  8,175 ","  30,083 ","  12,268 ","  65,976 ","  40,889 ","  1,375 ","  63,575 ","  5,165 ","  60,408 ","  1,143 ","  58,934 ","  4,848 ","  18,450 ","  7,610 ","  1,320 ","  1,183 ","  478 ","  10,691 ","  11,485 ","  6,518 ","  6,198 ","  4,258 ","  8,121 ","  10,235 ","  208,105 ","  990,243 ","  3,749 ","  65,149 ","  23,739 ","  277 ","  5,968 ","  56,940 ","  2,643 ","  4,603 ","  126,689 ","  15,357 ","  30,192 ","  4,773 ","  12,125 ","  46,617 ","  1,995 ","  5,286 ","  4,211 ","  2,741 ","  4,993 ","  152 ","  18,707 ","  1,908 ","  3,521 ","  432 ","  2,391 ","  28,342 ","  4,244 ","  15,264 ","  97,242 ","  2,006 ","  10,596 ","  390 ","  45,018 ","  623 ","  2,433 ","  16,522 ","  2,437 ","  1,173 ","  11,044 ","  22,081 ","  1,841 ","  10,424 ","  121,649 ","  4,778 ","  15,812 ","  4,462 ","  23,087 ","  3,784 ","  2,206 ","  141,497 ","  2,848 ","  25,486 ","  79,208 ","  38,669 ","  3,800 ","  22,594 ","  10,156 ","  5,367 ","  2,996 ","  534 ","  22,147 ","  146,576 ","  7,808 ","  19,979 ","  26,168 ","  10,075 ","  3,965 ","  3,736 ","  5,767 ","  7,677 ","  138 ","  289,400 ","  5,359 ","  1,976 ","  8,858 ","  1,033 ","  78 ","  16,001 ","  7,559 ","  4,852 ","  61,411 ","  6,110 ","  4,324 ","  1,254 ","  9,417 ","  66,878 ","  21,844 ","  32,719 ","  23,408 ","  49,491 ","  3,234 ","  279,609 ","  24,701 ","  23,205 ","  78,170 ","  17,941 ","  22,541 ","  44,320 ","  10,170 ","  11,985 "
"2000","  22,461 ","  11,676 ","  3,164 ","  3,130 ","  37,336 ","  2,966 ","  18,902 ","  8,059 ","  8,127 ","  6,282 ","  10,253 ","  6,677 ","  11,405 ","  135,211 ","  8,335 ","  671 ","  3,901 ","  10,034 ","  8,195 ","  176,369 ","  274 ","  1,665 ","  3,980 ","  30,823 ","  7,314 ","  15,285 ","  1,258,401 ","  17,552 ","  15,914 ","  52,782 ","  2,999 ","  38,917 ","  545 ","  430 ","  3,888 ","  15,670 ","  11,147 ","  815 ","  10,231 ","  82,157 ","  669 ","  71 ","  5,340 ","  8,301 ","  30,515 ","  12,446 ","  67,330 ","  41,072 ","  1,365 ","  65,213 ","  5,176 ","  60,819 ","  1,179 ","  59,145 ","  4,814 ","  18,816 ","  7,780 ","  1,357 ","  1,208 ","  491 ","  10,735 ","  11,726 ","  6,590 ","  6,367 ","  4,149 ","  8,279 ","  10,209 ","  211,408 ","  1,007,310 ","  3,799 ","  65,976 ","  24,463 ","  281 ","  6,123 ","  56,966 ","  2,670 ","  4,686 ","  126,933 ","  15,335 ","  31,025 ","  4,826 ","  12,321 ","  47,008 ","  2,091 ","  5,397 ","  4,318 ","  2,847 ","  5,116 ","  153 ","  18,820 ","  1,916 ","  3,497 ","  438 ","  2,368 ","  28,675 ","  4,199 ","  15,712 ","  98,403 ","  2,017 ","  10,832 ","  392 ","  45,616 ","  623 ","  2,461 ","  16,841 ","  2,501 ","  1,186 ","  11,339 ","  22,666 ","  1,893 ","  10,785 ","  125,014 ","  4,866 ","  15,926 ","  4,492 ","  23,487 ","  3,802 ","  2,219 ","  145,759 ","  2,900 ","  25,839 ","  80,937 ","  38,658 ","  3,811 ","  22,785 ","  10,228 ","  5,474 ","  3,075 ","  555 ","  22,118 ","  145,977 ","  7,868 ","  20,444 ","  26,771 ","  10,311 ","  4,063 ","  3,809 ","  5,825 ","  7,604 ","  141 ","  288,719 ","  5,352 ","  1,982 ","  8,872 ","  1,032 ","  79 ","  16,397 ","  7,821 ","  4,992 ","  61,893 ","  6,229 ","  4,385 ","  1,252 ","  9,514 ","  67,839 ","  22,027 ","  33,741 ","  24,195 ","  49,014 ","  3,246 ","  282,738 ","  25,042 ","  23,621 ","  79,207 ","  18,459 ","  22,507 ","  44,882 ","  10,475 ","  12,104 "
"2001","  22,507 ","  12,030 ","  3,134 ","  3,299 ","  37,740 ","  2,965 ","  19,144 ","  8,090 ","  8,194 ","  6,466 ","  10,289 ","  6,902 ","  11,828 ","  137,428 ","  8,171 ","  704 ","  3,919 ","  10,000 ","  8,367 ","  178,873 ","  275 ","  1,698 ","  4,054 ","  31,149 ","  7,360 ","  15,461 ","  1,267,178 ","  18,010 ","  16,354 ","  54,453 ","  3,113 ","  39,417 ","  559 ","  438 ","  3,961 ","  15,667 ","  11,179 ","  824 ","  10,193 ","  82,295 ","  693 ","  71 ","  5,359 ","  8,427 ","  30,952 ","  12,629 ","  68,715 ","  41,359 ","  1,357 ","  66,889 ","  5,188 ","  61,259 ","  1,207 ","  59,373 ","  4,789 ","  19,199 ","  7,821 ","  1,393 ","  1,233 ","  506 ","  10,791 ","  11,964 ","  6,608 ","  6,535 ","  4,058 ","  8,430 ","  10,186 ","  214,475 ","  1,024,322 ","  3,860 ","  66,806 ","  25,203 ","  285 ","  6,260 ","  56,998 ","  2,694 ","  4,773 ","  127,234 ","  15,383 ","  31,919 ","  4,865 ","  12,509 ","  47,370 ","  2,150 ","  5,499 ","  4,485 ","  2,917 ","  5,237 ","  154 ","  18,951 ","  1,922 ","  3,468 ","  443 ","  2,338 ","  29,012 ","  4,154 ","  16,169 ","  99,599 ","  2,029 ","  10,890 ","  395 ","  46,171 ","  623 ","  2,489 ","  17,176 ","  2,566 ","  1,198 ","  11,651 ","  23,240 ","  1,945 ","  11,170 ","  128,513 ","  4,952 ","  16,046 ","  4,514 ","  23,887 ","  3,844 ","  2,245 ","  150,448 ","  2,952 ","  26,185 ","  82,766 ","  38,647 ","  3,819 ","  22,977 ","  10,300 ","  5,581 ","  3,155 ","  576 ","  21,812 ","  144,880 ","  7,981 ","  20,977 ","  27,387 ","  10,580 ","  4,169 ","  4,043 ","  5,856 ","  7,548 ","  144 ","  287,980 ","  5,342 ","  1,985 ","  8,896 ","  1,030 ","  80 ","  16,753 ","  8,093 ","  5,135 ","  62,378 ","  6,339 ","  4,444 ","  1,249 ","  9,613 ","  68,791 ","  22,154 ","  34,755 ","  24,992 ","  48,520 ","  3,257 ","  285,550 ","  25,372 ","  24,034 ","  80,239 ","  18,999 ","  22,580 ","  45,451 ","  10,791 ","  12,208 "
"2002","  23,600 ","  12,443 ","  3,104 ","  3,475 ","  38,132 ","  2,962 ","  19,361 ","  8,129 ","  8,257 ","  6,670 ","  10,335 ","  7,130 ","  12,380 ","  139,587 ","  7,995 ","  742 ","  3,923 ","  9,955 ","  8,542 ","  181,316 ","  276 ","  1,730 ","  4,128 ","  31,489 ","  7,416 ","  15,629 ","  1,275,379 ","  18,438 ","  16,815 ","  56,170 ","  3,181 ","  39,914 ","  574 ","  447 ","  4,026 ","  15,666 ","  11,210 ","  834 ","  10,173 ","  82,434 ","  716 ","  72 ","  5,376 ","  8,553 ","  31,397 ","  12,827 ","  70,168 ","  41,947 ","  1,348 ","  68,649 ","  5,201 ","  61,702 ","  1,234 ","  59,625 ","  4,771 ","  19,607 ","  7,906 ","  1,431 ","  1,260 ","  521 ","  10,830 ","  12,253 ","  6,604 ","  6,698 ","  4,063 ","  8,580 ","  10,157 ","  217,515 ","  1,041,329 ","  3,925 ","  67,646 ","  25,956 ","  287 ","  6,379 ","  57,083 ","  2,707 ","  4,864 ","  127,503 ","  15,447 ","  32,865 ","  4,901 ","  12,698 ","  47,645 ","  2,185 ","  5,578 ","  4,699 ","  2,978 ","  5,357 ","  155 ","  19,098 ","  1,926 ","  3,440 ","  447 ","  2,311 ","  29,352 ","  4,108 ","  16,639 ","  100,863 ","  2,039 ","  11,007 ","  398 ","  46,690 ","  622 ","  2,519 ","  17,525 ","  2,632 ","  1,210 ","  11,983 ","  23,773 ","  1,981 ","  11,580 ","  132,166 ","  5,036 ","  16,149 ","  4,539 ","  24,273 ","  3,917 ","  2,284 ","  154,585 ","  3,003 ","  26,523 ","  84,558 ","  38,629 ","  3,824 ","  23,165 ","  10,356 ","  5,685 ","  3,235 ","  600 ","  21,416 ","  144,680 ","  8,144 ","  21,573 ","  28,017 ","  10,859 ","  4,281 ","  4,287 ","  5,869 ","  7,544 ","  147 ","  287,189 ","  5,340 ","  1,988 ","  8,925 ","  1,028 ","  81 ","  17,071 ","  8,395 ","  5,278 ","  62,860 ","  6,452 ","  4,502 ","  1,246 ","  9,711 ","  69,673 ","  22,268 ","  35,808 ","  25,846 ","  48,074 ","  3,268 ","  288,212 ","  25,696 ","  24,451 ","  81,288 ","  19,556 ","  22,689 ","  46,073 ","  11,078 ","  12,281 "
"2003","  25,005 ","  12,936 ","  3,075 ","  3,708 ","  38,530 ","  2,955 ","  19,580 ","  8,169 ","  8,319 ","  6,897 ","  10,378 ","  7,360 ","  12,829 ","  141,670 ","  7,932 ","  786 ","  3,940 ","  9,905 ","  8,719 ","  183,692 ","  278 ","  1,761 ","  4,215 ","  31,784 ","  7,471 ","  15,794 ","  1,283,064 ","  18,895 ","  17,289 ","  57,860 ","  3,274 ","  40,417 ","  590 ","  455 ","  4,089 ","  15,667 ","  11,241 ","  844 ","  10,170 ","  82,479 ","  691 ","  72 ","  5,391 ","  8,678 ","  31,847 ","  13,074 ","  71,678 ","  42,712 ","  1,340 ","  70,491 ","  5,213 ","  62,136 ","  1,262 ","  59,904 ","  4,746 ","  20,036 ","  8,121 ","  1,469 ","  1,288 ","  536 ","  10,856 ","  12,551 ","  6,641 ","  6,863 ","  4,063 ","  8,739 ","  10,127 ","  220,549 ","  1,058,312 ","  3,990 ","  68,489 ","  26,698 ","  289 ","  6,502 ","  57,337 ","  2,709 ","  4,971 ","  127,737 ","  15,526 ","  33,846 ","  4,946 ","  12,889 ","  47,892 ","  2,210 ","  5,654 ","  4,931 ","  2,983 ","  5,476 ","  156 ","  19,254 ","  1,926 ","  3,412 ","  453 ","  2,288 ","  29,695 ","  4,059 ","  17,123 ","  102,132 ","  2,046 ","  11,307 ","  401 ","  47,201 ","  621 ","  2,547 ","  17,889 ","  2,699 ","  1,221 ","  12,335 ","  24,359 ","  2,008 ","  12,014 ","  135,972 ","  5,116 ","  16,225 ","  4,565 ","  24,645 ","  3,988 ","  2,335 ","  158,209 ","  3,054 ","  26,853 ","  86,320 ","  38,603 ","  3,826 ","  23,330 ","  10,395 ","  5,788 ","  3,315 ","  639 ","  21,262 ","  143,982 ","  8,288 ","  22,217 ","  28,662 ","  11,150 ","  4,391 ","  4,466 ","  5,880 ","  7,535 ","  151 ","  286,409 ","  5,336 ","  1,989 ","  8,958 ","  1,026 ","  82 ","  17,401 ","  8,763 ","  5,425 ","  63,303 ","  6,567 ","  4,556 ","  1,242 ","  9,810 ","  70,510 ","  22,351 ","  36,906 ","  26,661 ","  47,692 ","  3,277 ","  290,700 ","  25,992 ","  24,870 ","  82,327 ","  20,130 ","  22,784 ","  46,738 ","  11,353 ","  12,318 "
"2004","  25,698 ","  13,480 ","  3,051 ","  4,064 ","  38,946 ","  2,953 ","  19,796 ","  8,220 ","  8,391 ","  7,167 ","  10,423 ","  7,589 ","  13,178 ","  143,670 ","  7,872 ","  837 ","  3,975 ","  9,856 ","  8,896 ","  185,994 ","  279 ","  1,792 ","  4,289 ","  32,084 ","  7,523 ","  15,958 ","  1,290,620 ","  19,432 ","  17,764 ","  59,599 ","  3,400 ","  40,918 ","  606 ","  463 ","  4,152 ","  15,670 ","  11,260 ","  855 ","  10,174 ","  82,462 ","  657 ","  72 ","  5,405 ","  8,801 ","  32,320 ","  13,368 ","  73,195 ","  43,456 ","  1,332 ","  72,389 ","  5,228 ","  62,591 ","  1,297 ","  60,245 ","  4,739 ","  20,471 ","  8,317 ","  1,508 ","  1,317 ","  551 ","  10,883 ","  12,868 ","  6,675 ","  7,028 ","  4,066 ","  8,900 ","  10,105 ","  223,566 ","  1,075,237 ","  4,064 ","  69,321 ","  27,395 ","  292 ","  6,629 ","  57,709 ","  2,711 ","  5,105 ","  127,837 ","  15,629 ","  34,880 ","  4,999 ","  13,078 ","  48,083 ","  2,250 ","  5,746 ","  5,134 ","  3,005 ","  5,595 ","  157 ","  19,412 ","  1,925 ","  3,374 ","  459 ","  2,263 ","  30,042 ","  4,013 ","  17,621 ","  103,334 ","  2,052 ","  11,579 ","  403 ","  47,699 ","  621 ","  2,574 ","  18,264 ","  2,768 ","  1,232 ","  12,709 ","  24,941 ","  2,034 ","  12,472 ","  139,902 ","  5,193 ","  16,282 ","  4,592 ","  24,989 ","  4,039 ","  2,393 ","  161,556 ","  3,104 ","  27,174 ","  88,140 ","  38,580 ","  3,827 ","  23,477 ","  10,420 ","  5,889 ","  3,396 ","  706 ","  21,141 ","  143,483 ","  8,468 ","  22,886 ","  29,321 ","  11,454 ","  4,498 ","  4,602 ","  5,888 ","  7,523 ","  154 ","  285,713 ","  5,335 ","  1,990 ","  8,994 ","  1,025 ","  83 ","  17,813 ","  9,191 ","  5,578 ","  63,697 ","  6,688 ","  4,608 ","  1,239 ","  9,906 ","  71,358 ","  22,434 ","  38,000 ","  27,414 ","  47,342 ","  3,285 ","  293,402 ","  26,268 ","  25,287 ","  83,383 ","  20,718 ","  22,881 ","  47,406 ","  11,634 ","  12,336 "
"2005","  26,335 ","  14,012 ","  3,030 ","  4,583 ","  39,368 ","  2,951 ","  20,059 ","  8,276 ","  8,475 ","  7,439 ","  10,481 ","  7,838 ","  13,540 ","  145,579 ","  7,813 ","  897 ","  3,991 ","  9,807 ","  9,073 ","  188,212 ","  280 ","  1,824 ","  4,363 ","  32,389 ","  7,571 ","  16,118 ","  1,298,245 ","  19,968 ","  18,249 ","  61,474 ","  3,543 ","  41,421 ","  623 ","  471 ","  4,214 ","  15,673 ","  11,268 ","  868 ","  10,188 ","  82,415 ","  666 ","  72 ","  5,419 ","  8,924 ","  32,785 ","  13,662 ","  74,714 ","  44,196 ","  1,324 ","  74,327 ","  5,246 ","  63,060 ","  1,340 ","  60,660 ","  4,786 ","  20,924 ","  8,478 ","  1,548 ","  1,348 ","  567 ","  10,915 ","  13,194 ","  6,714 ","  7,194 ","  4,069 ","  9,061 ","  10,085 ","  226,372 ","  1,092,068 ","  4,153 ","  70,137 ","  28,028 ","  297 ","  6,754 ","  57,994 ","  2,711 ","  5,274 ","  127,855 ","  15,760 ","  35,961 ","  5,048 ","  13,265 ","  48,185 ","  2,321 ","  5,836 ","  5,280 ","  3,138 ","  5,715 ","  157 ","  19,565 ","  1,922 ","  3,320 ","  467 ","  2,239 ","  30,418 ","  3,966 ","  18,132 ","  104,503 ","  2,057 ","  11,804 ","  406 ","  48,196 ","  621 ","  2,602 ","  18,652 ","  2,838 ","  1,243 ","  13,106 ","  25,424 ","  2,060 ","  12,953 ","  143,916 ","  5,267 ","  16,320 ","  4,624 ","  25,255 ","  4,085 ","  2,457 ","  165,075 ","  3,155 ","  27,487 ","  89,949 ","  38,563 ","  3,822 ","  23,621 ","  10,440 ","  5,987 ","  3,478 ","  811 ","  21,011 ","  142,884 ","  8,645 ","  23,562 ","  29,996 ","  11,764 ","  4,606 ","  4,708 ","  5,899 ","  7,502 ","  158 ","  285,131 ","  5,336 ","  1,994 ","  9,030 ","  1,023 ","  84 ","  18,346 ","  9,594 ","  5,715 ","  64,068 ","  6,814 ","  4,664 ","  1,237 ","  9,997 ","  72,242 ","  22,514 ","  39,122 ","  28,200 ","  47,003 ","  3,291 ","  296,119 ","  26,540 ","  25,702 ","  84,456 ","  21,320 ","  22,951 ","  48,071 ","  11,932 ","  12,329 "
"2006","  27,154 ","  14,535 ","  3,011 ","  5,294 ","  39,762 ","  2,948 ","  20,371 ","  8,317 ","  8,565 ","  7,709 ","  10,550 ","  8,089 ","  13,917 ","  147,415 ","  7,754 ","  967 ","  3,993 ","  9,764 ","  9,250 ","  190,348 ","  281 ","  1,857 ","  4,449 ","  32,716 ","  7,619 ","  16,283 ","  1,305,116 ","  20,513 ","  18,746 ","  63,479 ","  3,702 ","  41,920 ","  640 ","  478 ","  4,275 ","  15,675 ","  11,266 ","  882 ","  10,215 ","  82,322 ","  679 ","  72 ","  5,437 ","  9,044 ","  33,286 ","  13,917 ","  76,275 ","  44,950 ","  1,316 ","  76,326 ","  5,266 ","  63,497 ","  1,384 ","  61,108 ","  4,826 ","  21,396 ","  8,650 ","  1,589 ","  1,379 ","  583 ","  10,948 ","  13,512 ","  6,779 ","  7,359 ","  4,070 ","  9,216 ","  10,069 ","  229,289 ","  1,108,736 ","  4,267 ","  70,933 ","  28,576 ","  304 ","  6,879 ","  58,168 ","  2,710 ","  5,481 ","  127,849 ","  15,918 ","  37,093 ","  5,096 ","  13,466 ","  48,438 ","  2,427 ","  5,931 ","  5,348 ","  3,311 ","  5,835 ","  158 ","  19,710 ","  1,919 ","  3,267 ","  474 ","  2,219 ","  30,820 ","  3,919 ","  18,653 ","  105,730 ","  2,062 ","  12,043 ","  408 ","  48,674 ","  620 ","  2,633 ","  19,059 ","  2,909 ","  1,253 ","  13,529 ","  25,878 ","  2,086 ","  13,458 ","  148,023 ","  5,338 ","  16,346 ","  4,661 ","  25,484 ","  4,132 ","  2,525 ","  168,846 ","  3,206 ","  27,794 ","  91,740 ","  38,539 ","  3,805 ","  23,764 ","  10,458 ","  6,083 ","  3,559 ","  958 ","  20,887 ","  142,485 ","  8,834 ","  24,237 ","  30,686 ","  12,082 ","  4,714 ","  4,818 ","  5,906 ","  7,476 ","  161 ","  284,599 ","  5,336 ","  2,000 ","  9,081 ","  1,021 ","  85 ","  19,044 ","  9,967 ","  5,865 ","  64,420 ","  6,944 ","  4,719 ","  1,234 ","  10,087 ","  73,149 ","  22,620 ","  40,272 ","  29,021 ","  46,685 ","  3,298 ","  298,988 ","  26,810 ","  26,117 ","  85,502 ","  21,935 ","  23,000 ","  48,703 ","  12,253 ","  12,394 "
"2007","  27,387 ","  15,083 ","  2,997 ","  6,161 ","  40,135 ","  2,946 ","  20,754 ","  8,344 ","  8,657 ","  7,991 ","  10,628 ","  8,335 ","  14,309 ","  149,092 ","  7,697 ","  1,045 ","  3,990 ","  9,734 ","  9,426 ","  192,408 ","  282 ","  1,890 ","  4,544 ","  33,038 ","  7,687 ","  16,452 ","  1,311,877 ","  21,097 ","  19,278 ","  65,590 ","  3,859 ","  42,424 ","  657 ","  486 ","  4,337 ","  15,676 ","  11,261 ","  901 ","  10,275 ","  82,212 ","  694 ","  72 ","  5,461 ","  9,164 ","  33,866 ","  14,135 ","  77,927 ","  45,789 ","  1,310 ","  78,411 ","  5,289 ","  63,886 ","  1,434 ","  61,586 ","  4,820 ","  21,877 ","  8,860 ","  1,630 ","  1,412 ","  600 ","  10,976 ","  13,822 ","  6,812 ","  7,522 ","  4,070 ","  9,364 ","  10,054 ","  232,153 ","  1,125,263 ","  4,392 ","  71,719 ","  29,058 ","  311 ","  7,005 ","  58,463 ","  2,708 ","  5,722 ","  127,860 ","  16,090 ","  38,249 ","  5,137 ","  13,685 ","  48,684 ","  2,560 ","  6,035 ","  5,357 ","  3,469 ","  5,967 ","  159 ","  19,851 ","  1,917 ","  3,229 ","  481 ","  2,201 ","  31,221 ","  3,873 ","  19,186 ","  107,074 ","  2,066 ","  12,337 ","  409 ","  49,151 ","  620 ","  2,666 ","  19,480 ","  2,981 ","  1,264 ","  13,978 ","  26,332 ","  2,113 ","  13,985 ","  152,201 ","  5,408 ","  16,382 ","  4,710 ","  25,732 ","  4,168 ","  2,600 ","  172,882 ","  3,258 ","  28,095 ","  93,533 ","  38,518 ","  3,783 ","  23,908 ","  10,479 ","  6,176 ","  3,642 ","  1,141 ","  20,581 ","  142,485 ","  9,060 ","  24,916 ","  31,393 ","  12,407 ","  4,822 ","  4,918 ","  5,911 ","  7,447 ","  165 ","  284,120 ","  5,338 ","  2,003 ","  9,148 ","  1,019 ","  86 ","  19,862 ","  10,338 ","  6,042 ","  64,757 ","  7,076 ","  4,774 ","  1,233 ","  10,178 ","  74,060 ","  22,700 ","  41,461 ","  29,846 ","  46,407 ","  3,305 ","  301,846 ","  27,079 ","  26,629 ","  86,550 ","  22,566 ","  23,028 ","  49,337 ","  12,591 ","  12,494 "
"2008","  27,706 ","  15,658 ","  2,990 ","  7,081 ","  40,532 ","  2,943 ","  21,208 ","  8,370 ","  8,750 ","  8,318 ","  10,712 ","  8,603 ","  14,722 ","  150,613 ","  7,644 ","  1,125 ","  3,987 ","  9,713 ","  9,601 ","  194,394 ","  283 ","  1,923 ","  4,641 ","  33,390 ","  7,786 ","  16,631 ","  1,318,559 ","  21,699 ","  19,843 ","  67,800 ","  3,989 ","  42,930 ","  674 ","  494 ","  4,399 ","  15,676 ","  11,258 ","  924 ","  10,361 ","  82,056 ","  709 ","  73 ","  5,494 ","  9,281 ","  34,480 ","  14,354 ","  79,677 ","  46,526 ","  1,307 ","  80,564 ","  5,313 ","  64,239 ","  1,487 ","  62,072 ","  4,819 ","  22,359 ","  9,091 ","  1,671 ","  1,446 ","  616 ","  11,005 ","  14,135 ","  6,838 ","  7,682 ","  4,068 ","  9,508 ","  10,036 ","  234,957 ","  1,141,711 ","  4,482 ","  72,508 ","  29,552 ","  317 ","  7,132 ","  58,851 ","  2,705 ","  5,998 ","  127,795 ","  16,276 ","  39,442 ","  5,180 ","  13,923 ","  49,055 ","  2,715 ","  6,145 ","  5,354 ","  3,603 ","  6,115 ","  160 ","  19,986 ","  1,915 ","  3,196 ","  490 ","  2,178 ","  31,622 ","  3,829 ","  19,729 ","  108,549 ","  2,070 ","  12,657 ","  412 ","  49,505 ","  621 ","  2,702 ","  19,928 ","  3,055 ","  1,274 ","  14,452 ","  26,784 ","  2,141 ","  14,531 ","  156,443 ","  5,476 ","  16,446 ","  4,769 ","  25,998 ","  4,202 ","  2,691 ","  176,808 ","  3,310 ","  28,394 ","  95,302 ","  38,523 ","  3,761 ","  24,051 ","  10,494 ","  6,267 ","  3,727 ","  1,346 ","  20,241 ","  142,385 ","  9,290 ","  25,613 ","  32,137 ","  12,738 ","  4,931 ","  5,023 ","  5,934 ","  7,414 ","  168 ","  283,685 ","  5,342 ","  2,014 ","  9,220 ","  1,017 ","  87 ","  20,647 ","  10,728 ","  6,220 ","  65,079 ","  7,211 ","  4,829 ","  1,231 ","  10,274 ","  75,003 ","  22,778 ","  42,660 ","  30,647 ","  46,156 ","  3,313 ","  304,714 ","  27,345 ","  27,139 ","  87,590 ","  23,212 ","  23,038 ","  49,990 ","  12,945 ","  12,568 "
"2009","  28,484 ","  16,260 ","  2,988 ","  7,908 ","  40,944 ","  2,941 ","  21,593 ","  8,392 ","  8,842 ","  8,741 ","  10,799 ","  8,884 ","  15,152 ","  152,247 ","  7,595 ","  1,196 ","  3,985 ","  9,697 ","  9,775 ","  196,305 ","  285 ","  1,956 ","  4,742 ","  33,774 ","  7,883 ","  16,814 ","  1,324,993 ","  22,285 ","  20,419 ","  70,114 ","  4,146 ","  43,439 ","  690 ","  501 ","  4,461 ","  15,769 ","  11,260 ","  949 ","  10,420 ","  81,848 ","  725 ","  73 ","  5,523 ","  9,397 ","  35,126 ","  14,573 ","  81,528 ","  46,940 ","  1,304 ","  82,787 ","  5,339 ","  64,565 ","  1,542 ","  62,544 ","  4,851 ","  22,852 ","  9,327 ","  1,713 ","  1,481 ","  633 ","  11,034 ","  14,448 ","  6,869 ","  7,839 ","  4,064 ","  9,652 ","  10,021 ","  237,698 ","  1,158,059 ","  4,528 ","  73,316 ","  30,163 ","  318 ","  7,262 ","  59,120 ","  2,702 ","  6,306 ","  127,654 ","  16,484 ","  40,671 ","  5,238 ","  14,171 ","  49,308 ","  2,884 ","  6,257 ","  5,408 ","  3,708 ","  6,270 ","  160 ","  20,116 ","  1,916 ","  3,160 ","  499 ","  2,142 ","  32,022 ","  3,788 ","  20,282 ","  110,064 ","  2,074 ","  12,986 ","  415 ","  49,896 ","  622 ","  2,741 ","  20,418 ","  3,129 ","  1,284 ","  14,950 ","  27,235 ","  2,171 ","  15,091 ","  160,762 ","  5,541 ","  16,530 ","  4,829 ","  26,298 ","  4,253 ","  2,814 ","  180,688 ","  3,360 ","  28,694 ","  96,959 ","  38,477 ","  3,741 ","  24,191 ","  10,504 ","  6,356 ","  3,817 ","  1,550 ","  20,073 ","  142,485 ","  9,489 ","  26,346 ","  33,078 ","  13,075 ","  5,036 ","  5,132 ","  5,954 ","  7,379 ","  172 ","  287,756 ","  5,349 ","  2,033 ","  9,299 ","  1,017 ","  87 ","  21,189 ","  11,139 ","  6,405 ","  65,376 ","  7,349 ","  4,884 ","  1,230 ","  10,377 ","  76,046 ","  22,860 ","  43,806 ","  31,469 ","  45,951 ","  3,320 ","  307,397 ","  27,606 ","  27,551 ","  88,609 ","  23,874 ","  22,209 ","  50,645 ","  13,302 ","  12,666 "
"2010","  29,121 ","  16,884 ","  2,992 ","  8,540 ","  41,359 ","  2,939 ","  21,896 ","  8,413 ","  8,933 ","  9,140 ","  10,922 ","  9,179 ","  15,600 ","  153,992 ","  7,545 ","  1,252 ","  3,983 ","  9,681 ","  9,947 ","  198,142 ","  286 ","  1,990 ","  4,845 ","  34,153 ","  7,969 ","  16,996 ","  1,331,357 ","  22,846 ","  21,002 ","  72,550 ","  4,324 ","  43,952 ","  706 ","  509 ","  4,522 ","  15,804 ","  11,262 ","  975 ","  10,450 ","  81,655 ","  741 ","  73 ","  5,548 ","  9,512 ","  35,805 ","  14,791 ","  83,503 ","  47,156 ","  1,301 ","  85,096 ","  5,363 ","  64,880 ","  1,600 ","  63,036 ","  4,898 ","  23,367 ","  9,571 ","  1,755 ","  1,516 ","  651 ","  11,048 ","  14,766 ","  6,924 ","  7,991 ","  4,054 ","  9,553 ","  9,998 ","  240,372 ","  1,174,285 ","  4,553 ","  74,158 ","  30,964 ","  318 ","  7,399 ","  59,302 ","  2,697 ","  6,643 ","  127,529 ","  16,701 ","  41,903 ","  5,289 ","  14,418 ","  49,554 ","  3,059 ","  6,368 ","  5,566 ","  3,817 ","  6,432 ","  161 ","  20,239 ","  1,920 ","  3,095 ","  508 ","  2,098 ","  32,422 ","  3,749 ","  20,847 ","  111,433 ","  2,080 ","  13,325 ","  417 ","  50,285 ","  623 ","  2,783 ","  20,950 ","  3,205 ","  1,294 ","  15,469 ","  27,682 ","  2,201 ","  15,667 ","  165,156 ","  5,604 ","  16,615 ","  4,890 ","  26,664 ","  4,294 ","  2,976 ","  184,987 ","  3,411 ","  28,995 ","  98,601 ","  38,440 ","  3,722 ","  24,326 ","  10,509 ","  6,442 ","  3,907 ","  1,739 ","  19,954 ","  142,585 ","  9,702 ","  27,129 ","  33,891 ","  13,418 ","  5,140 ","  5,246 ","  5,967 ","  7,345 ","  176 ","  288,294 ","  5,354 ","  2,041 ","  9,378 ","  1,019 ","  88 ","  21,345 ","  11,550 ","  6,587 ","  65,650 ","  7,487 ","  4,940 ","  1,229 ","  10,491 ","  77,210 ","  22,902 ","  45,019 ","  32,343 ","  45,768 ","  3,328 ","  309,957 ","  27,866 ","  27,961 ","  89,604 ","  24,551 ","  22,165 ","  51,087 ","  13,684 ","  12,782 "
"2011","  29,758 ","  17,524 ","  3,000 ","  8,936 ","  41,792 ","  2,937 ","  22,241 ","  8,441 ","  9,024 ","  9,440 ","  11,040 ","  9,486 ","  16,064 ","  155,707 ","  7,496 ","  1,290 ","  3,980 ","  9,662 ","  10,119 ","  199,924 ","  287 ","  2,023 ","  4,950 ","  34,495 ","  8,055 ","  17,185 ","  1,337,752 ","  23,345 ","  21,586 ","  75,138 ","  4,468 ","  44,469 ","  722 ","  516 ","  4,582 ","  15,833 ","  11,264 ","  1,000 ","  10,472 ","  81,482 ","  757 ","  73 ","  5,571 ","  9,627 ","  36,507 ","  15,007 ","  85,619 ","  47,324 ","  1,297 ","  87,530 ","  5,388 ","  65,189 ","  1,656 ","  63,530 ","  4,934 ","  23,899 ","  9,825 ","  1,798 ","  1,551 ","  668 ","  11,032 ","  15,086 ","  6,981 ","  8,141 ","  4,042 ","  9,670 ","  9,957 ","  242,981 ","  1,190,366 ","  4,573 ","  75,036 ","  31,988 ","  319 ","  7,539 ","  59,404 ","  2,692 ","  7,010 ","  127,419 ","  16,916 ","  43,203 ","  5,328 ","  14,666 ","  49,937 ","  3,239 ","  6,477 ","  5,845 ","  3,984 ","  6,144 ","  162 ","  20,356 ","  1,925 ","  3,026 ","  520 ","  2,060 ","  32,821 ","  3,711 ","  21,421 ","  112,825 ","  2,085 ","  13,679 ","  419 ","  50,813 ","  622 ","  2,827 ","  21,535 ","  3,282 ","  1,304 ","  16,006 ","  28,126 ","  2,232 ","  16,262 ","  169,624 ","  5,666 ","  16,693 ","  4,954 ","  27,081 ","  4,318 ","  3,181 ","  189,311 ","  3,460 ","  29,296 ","  100,233 ","  38,460 ","  3,679 ","  24,457 ","  10,494 ","  6,526 ","  3,997 ","  1,907 ","  19,856 ","  142,685 ","  9,973 ","  27,966 ","  34,568 ","  13,768 ","  5,247 ","  5,364 ","  5,984 ","  7,311 ","  180 ","  288,854 ","  5,361 ","  2,046 ","  9,449 ","  1,024 ","  89 ","  21,065 ","  11,983 ","  6,772 ","  65,912 ","  7,627 ","  4,997 ","  1,227 ","  10,612 ","  78,352 ","  22,964 ","  46,344 ","  33,257 ","  45,604 ","  3,335 ","  312,215 ","  28,128 ","  28,366 ","  90,582 ","  25,243 ","  22,113 ","  51,418 ","  14,085 ","  12,907 "
"2012","  30,420 ","  18,202 ","  3,008 ","  9,131 ","  42,217 ","  2,934 ","  22,642 ","  8,480 ","  9,117 ","  9,748 ","  11,109 ","  9,805 ","  16,563 ","  157,407 ","  7,453 ","  1,312 ","  3,977 ","  9,644 ","  10,290 ","  201,670 ","  288 ","  2,057 ","  5,057 ","  34,864 ","  8,141 ","  17,373 ","  1,344,394 ","  23,881 ","  22,181 ","  77,792 ","  4,581 ","  44,988 ","  737 ","  524 ","  4,642 ","  15,857 ","  11,262 ","  1,015 ","  10,487 ","  81,635 ","  774 ","  73 ","  5,592 ","  9,742 ","  37,217 ","  15,224 ","  87,840 ","  47,355 ","  1,293 ","  90,066 ","  5,414 ","  65,500 ","  1,714 ","  63,974 ","  4,946 ","  24,438 ","  10,084 ","  1,840 ","  1,587 ","  686 ","  10,972 ","  15,403 ","  7,041 ","  8,288 ","  4,029 ","  9,793 ","  9,918 ","  245,529 ","  1,206,283 ","  4,592 ","  75,945 ","  33,200 ","  321 ","  7,680 ","  59,565 ","  2,686 ","  7,401 ","  127,141 ","  17,128 ","  44,477 ","  5,373 ","  14,916 ","  50,200 ","  3,423 ","  6,586 ","  6,222 ","  4,141 ","  5,849 ","  162 ","  20,466 ","  1,930 ","  2,985 ","  532 ","  2,035 ","  33,217 ","  3,674 ","  22,005 ","  114,162 ","  2,089 ","  14,040 ","  422 ","  51,369 ","  622 ","  2,870 ","  22,150 ","  3,359 ","  1,313 ","  16,557 ","  28,568 ","  2,268 ","  16,902 ","  174,162 ","  5,728 ","  16,755 ","  5,019 ","  27,505 ","  4,345 ","  3,422 ","  193,567 ","  3,510 ","  29,597 ","  101,833 ","  38,460 ","  3,636 ","  24,589 ","  10,451 ","  6,609 ","  4,088 ","  2,057 ","  19,768 ","  142,984 ","  10,271 ","  28,844 ","  35,293 ","  14,122 ","  5,353 ","  5,486 ","  6,033 ","  7,277 ","  183 ","  289,517 ","  5,370 ","  2,050 ","  9,520 ","  1,032 ","  90 ","  20,422 ","  12,427 ","  6,961 ","  66,167 ","  7,768 ","  5,054 ","  1,226 ","  10,737 ","  79,357 ","  23,054 ","  47,687 ","  34,234 ","  45,492 ","  3,343 ","  314,514 ","  28,394 ","  28,760 ","  91,553 ","  25,949 ","  22,060 ","  51,877 ","  14,498 ","  13,036 "
"2013","  31,108 ","  18,907 ","  3,017 ","  9,187 ","  42,636 ","  2,932 ","  23,008 ","  8,530 ","  9,210 ","  10,069 ","  11,162 ","  10,135 ","  17,072 ","  159,087 ","  7,412 ","  1,327 ","  3,973 ","  9,626 ","  10,461 ","  203,378 ","  289 ","  2,091 ","  5,167 ","  35,235 ","  8,235 ","  17,542 ","  1,351,026 ","  24,495 ","  22,800 ","  80,534 ","  4,667 ","  45,508 ","  752 ","  531 ","  4,702 ","  15,866 ","  11,250 ","  1,013 ","  10,490 ","  81,858 ","  792 ","  73 ","  5,615 ","  9,855 ","  37,934 ","  15,439 ","  90,123 ","  47,200 ","  1,288 ","  92,632 ","  5,439 ","  65,945 ","  1,778 ","  64,404 ","  4,938 ","  24,981 ","  10,351 ","  1,883 ","  1,624 ","  704 ","  10,893 ","  15,719 ","  7,080 ","  8,429 ","  4,015 ","  9,922 ","  9,891 ","  248,013 ","  1,222,026 ","  4,616 ","  76,892 ","  34,519 ","  324 ","  7,820 ","  60,259 ","  2,682 ","  7,793 ","  126,923 ","  17,338 ","  45,648 ","  5,423 ","  15,168 ","  50,429 ","  3,605 ","  6,695 ","  6,644 ","  4,244 ","  6,010 ","  163 ","  20,627 ","  1,936 ","  2,955 ","  545 ","  2,013 ","  33,610 ","  3,636 ","  22,599 ","  115,469 ","  2,094 ","  14,412 ","  428 ","  51,879 ","  622 ","  2,912 ","  22,768 ","  3,438 ","  1,322 ","  17,123 ","  29,007 ","  2,312 ","  17,568 ","  178,760 ","  5,789 ","  16,804 ","  5,080 ","  27,917 ","  4,394 ","  3,683 ","  197,992 ","  3,559 ","  29,898 ","  103,496 ","  38,437 ","  3,589 ","  24,720 ","  10,394 ","  6,692 ","  4,178 ","  2,189 ","  19,694 ","  143,383 ","  10,591 ","  29,732 ","  36,093 ","  14,482 ","  5,460 ","  5,613 ","  6,121 ","  7,243 ","  187 ","  290,191 ","  5,376 ","  2,053 ","  9,601 ","  1,041 ","  91 ","  19,563 ","  12,895 ","  7,154 ","  66,414 ","  7,910 ","  5,112 ","  1,225 ","  10,866 ","  80,383 ","  23,112 ","  49,059 ","  35,271 ","  45,389 ","  3,351 ","  316,702 ","  28,661 ","  29,147 ","  92,512 ","  26,663 ","  22,005 ","  52,388 ","  14,922 ","  13,169 "
"2014","  31,823 ","  19,623 ","  3,026 ","  9,203 ","  43,058 ","  2,928 ","  23,345 ","  8,597 ","  9,302 ","  10,380 ","  11,211 ","  10,480 ","  17,575 ","  160,744 ","  7,370 ","  1,348 ","  3,969 ","  9,609 ","  10,631 ","  205,045 ","  290 ","  2,125 ","  5,278 ","  35,595 ","  8,336 ","  17,717 ","  1,358,076 ","  25,108 ","  23,513 ","  83,370 ","  4,757 ","  46,031 ","  767 ","  539 ","  4,761 ","  15,882 ","  11,238 ","  1,002 ","  10,501 ","  82,200 ","  810 ","  73 ","  5,643 ","  9,965 ","  38,657 ","  15,654 ","  92,466 ","  47,059 ","  1,285 ","  95,337 ","  5,462 ","  66,374 ","  1,843 ","  64,880 ","  4,931 ","  25,534 ","  10,632 ","  1,926 ","  1,663 ","  722 ","  10,821 ","  16,031 ","  7,121 ","  8,546 ","  3,998 ","  10,047 ","  9,864 ","  250,431 ","  1,237,585 ","  4,650 ","  77,882 ","  35,826 ","  327 ","  7,954 ","  60,814 ","  2,678 ","  8,159 ","  126,710 ","  17,546 ","  46,819 ","  5,478 ","  15,420 ","  50,747 ","  3,773 ","  6,804 ","  7,035 ","  4,348 ","  6,163 ","  163 ","  20,813 ","  1,942 ","  2,930 ","  558 ","  1,994 ","  33,999 ","  3,600 ","  23,202 ","  116,755 ","  2,100 ","  14,803 ","  437 ","  52,375 ","  621 ","  2,953 ","  23,393 ","  3,517 ","  1,331 ","  17,705 ","  29,443 ","  2,360 ","  18,241 ","  183,388 ","  5,849 ","  16,865 ","  5,138 ","  28,311 ","  4,471 ","  3,940 ","  202,388 ","  3,608 ","  30,197 ","  105,208 ","  38,408 ","  3,534 ","  24,852 ","  10,338 ","  6,773 ","  4,269 ","  2,304 ","  19,621 ","  145,977 ","  10,901 ","  30,587 ","  37,059 ","  14,848 ","  5,567 ","  5,744 ","  6,179 ","  7,210 ","  190 ","  290,521 ","  5,381 ","  2,055 ","  9,696 ","  1,051 ","  92 ","  18,695 ","  13,379 ","  7,351 ","  66,655 ","  8,051 ","  5,171 ","  1,224 ","  10,996 ","  81,475 ","  23,171 ","  50,459 ","  36,419 ","  44,944 ","  3,360 ","  319,036 ","  28,930 ","  29,453 ","  93,456 ","  27,381 ","  21,946 ","  52,970 ","  15,359 ","  13,314 "
"2015","  32,564 ","  20,353 ","  3,035 ","  9,252 ","  43,475 ","  2,924 ","  23,686 ","  8,693 ","  9,393 ","  10,577 ","  11,276 ","  10,842 ","  18,094 ","  162,374 ","  7,323 ","  1,384 ","  3,964 ","  9,590 ","  10,801 ","  206,667 ","  291 ","  2,159 ","  5,392 ","  35,883 ","  8,432 ","  17,899 ","  1,364,827 ","  25,724 ","  24,273 ","  86,232 ","  4,851 ","  46,553 ","  781 ","  546 ","  4,820 ","  15,908 ","  11,214 ","  996 ","  10,522 ","  82,915 ","  828 ","  74 ","  5,683 ","  10,072 ","  39,383 ","  15,868 ","  94,869 ","  47,023 ","  1,285 ","  98,115 ","  5,480 ","  66,611 ","  1,905 ","  65,396 ","  4,927 ","  26,099 ","  10,924 ","  1,968 ","  1,703 ","  741 ","  10,750 ","  16,340 ","  7,177 ","  8,661 ","  3,971 ","  10,254 ","  9,841 ","  252,786 ","  1,252,952 ","  4,694 ","  78,913 ","  37,034 ","  331 ","  8,083 ","  60,756 ","  2,675 ","  8,477 ","  126,527 ","  17,749 ","  47,995 ","  5,538 ","  15,670 ","  51,015 ","  3,921 ","  6,912 ","  7,341 ","  4,460 ","  6,291 ","  164 ","  21,008 ","  1,948 ","  2,903 ","  571 ","  1,978 ","  34,382 ","  3,563 ","  23,813 ","  118,016 ","  2,105 ","  15,210 ","  447 ","  52,901 ","  620 ","  2,993 ","  24,023 ","  3,597 ","  1,340 ","  18,303 ","  29,874 ","  2,408 ","  18,957 ","  188,007 ","  5,908 ","  16,940 ","  5,189 ","  28,678 ","  4,562 ","  4,175 ","  206,722 ","  3,657 ","  30,494 ","  106,923 ","  38,383 ","  3,473 ","  24,983 ","  10,295 ","  6,854 ","  4,359 ","  2,403 ","  19,529 ","  146,177 ","  11,123 ","  31,380 ","  38,167 ","  15,218 ","  5,674 ","  5,879 ","  6,205 ","  7,177 ","  194 ","  290,751 ","  5,386 ","  2,056 ","  9,799 ","  1,060 ","  92 ","  17,983 ","  13,824 ","  7,552 ","  66,886 ","  8,191 ","  5,231 ","  1,222 ","  11,125 ","  82,569 ","  23,228 ","  51,889 ","  37,673 ","  44,429 ","  3,369 ","  321,397 ","  29,200 ","  29,727 ","  94,383 ","  28,096 ","  21,882 ","  53,638 ","  15,808 ","  13,479 "
"2016","  33,332 ","  21,097 ","  3,044 ","  9,350 ","  43,887 ","  2,919 ","  24,086 ","  8,788 ","  9,481 ","  10,721 ","  11,334 ","  11,220 ","  18,621 ","  164,044 ","  7,272 ","  1,439 ","  3,959 ","  9,571 ","  10,970 ","  208,249 ","  291 ","  2,194 ","  5,507 ","  36,259 ","  8,524 ","  18,095 ","  1,372,860 ","  26,354 ","  24,995 ","  89,197 ","  4,951 ","  47,079 ","  795 ","  553 ","  4,879 ","  15,935 ","  11,180 ","  1,001 ","  10,542 ","  83,587 ","  847 ","  74 ","  5,728 ","  10,177 ","  40,102 ","  16,081 ","  97,305 ","  47,062 ","  1,286 ","  100,859 ","  5,495 ","  66,787 ","  1,966 ","  65,893 ","  4,924 ","  26,675 ","  11,225 ","  2,010 ","  1,745 ","  759 ","  10,705 ","  16,640 ","  7,243 ","  8,770 ","  3,937 ","  10,486 ","  9,812 ","  255,079 ","  1,268,155 ","  4,748 ","  79,991 ","  38,115 ","  335 ","  8,209 ","  60,653 ","  2,674 ","  8,740 ","  126,310 ","  17,948 ","  49,108 ","  5,599 ","  15,918 ","  51,218 ","  4,045 ","  7,019 ","  7,545 ","  4,576 ","  6,415 ","  164 ","  21,246 ","  1,953 ","  2,866 ","  585 ","  1,960 ","  34,760 ","  3,527 ","  24,430 ","  119,252 ","  2,110 ","  15,629 ","  458 ","  53,416 ","  618 ","  3,031 ","  24,660 ","  3,677 ","  1,348 ","  18,920 ","  30,301 ","  2,456 ","  19,710 ","  192,625 ","  5,967 ","  17,030 ","  5,235 ","  29,034 ","  4,660 ","  4,382 ","  210,943 ","  3,705 ","  30,791 ","  108,645 ","  38,366 ","  3,411 ","  25,115 ","  10,263 ","  6,934 ","  4,451 ","  2,486 ","  19,417 ","  146,476 ","  11,346 ","  32,098 ","  39,298 ","  15,593 ","  5,782 ","  6,019 ","  6,248 ","  7,144 ","  198 ","  291,220 ","  5,393 ","  2,058 ","  9,923 ","  1,069 ","  93 ","  17,451 ","  14,278 ","  7,757 ","  67,107 ","  8,330 ","  5,291 ","  1,220 ","  11,248 ","  83,687 ","  23,276 ","  53,349 ","  39,158 ","  44,210 ","  3,378 ","  323,730 ","  29,473 ","  29,994 ","  95,296 ","  28,806 ","  21,817 ","  54,263 ","  16,274 ","  13,665 "
"2017","  34,125 ","  21,858 ","  3,053 ","  9,476 ","  44,294 ","  2,914 ","  24,466 ","  8,849 ","  9,566 ","  10,955 ","  11,377 ","  11,613 ","  19,158 ","  165,767 ","  7,219 ","  1,508 ","  3,953 ","  9,550 ","  11,138 ","  209,797 ","  292 ","  2,228 ","  5,625 ","  36,698 ","  8,604 ","  18,346 ","  1,380,177 ","  26,991 ","  25,680 ","  92,215 ","  5,055 ","  47,605 ","  808 ","  562 ","  4,937 ","  15,972 ","  11,147 ","  1,010 ","  10,570 ","  83,900 ","  865 ","  74 ","  5,765 ","  10,282 ","  40,804 ","  16,291 ","  99,745 ","  47,173 ","  1,287 ","  103,655 ","  5,508 ","  66,927 ","  2,026 ","  66,342 ","  4,922 ","  27,261 ","  11,534 ","  2,051 ","  1,789 ","  778 ","  10,684 ","  16,935 ","  7,279 ","  8,878 ","  3,897 ","  10,647 ","  9,786 ","  257,315 ","  1,283,222 ","  4,799 ","  81,107 ","  39,095 ","  343 ","  8,335 ","  60,562 ","  2,673 ","  8,952 ","  126,097 ","  18,140 ","  50,215 ","  5,659 ","  16,165 ","  51,426 ","  4,146 ","  7,127 ","  7,663 ","  4,689 ","  6,548 ","  165 ","  21,487 ","  1,958 ","  2,826 ","  598 ","  1,943 ","  35,132 ","  3,490 ","  25,054 ","  120,466 ","  2,115 ","  16,060 ","  471 ","  53,912 ","  616 ","  3,068 ","  25,318 ","  3,759 ","  1,356 ","  19,558 ","  30,724 ","  2,505 ","  20,465 ","  197,451 ","  6,026 ","  17,131 ","  5,278 ","  29,384 ","  4,755 ","  4,565 ","  215,301 ","  3,753 ","  31,087 ","  110,372 ","  38,371 ","  3,352 ","  25,248 ","  10,238 ","  7,016 ","  4,533 ","  2,552 ","  19,304 ","  146,576 ","  11,636 ","  32,748 ","  40,518 ","  15,972 ","  5,889 ","  6,163 ","  6,304 ","  7,111 ","  201 ","  293,860 ","  5,402 ","  2,059 ","  10,058 ","  1,078 ","  94 ","  17,082 ","  14,765 ","  7,965 ","  67,317 ","  8,468 ","  5,351 ","  1,218 ","  11,366 ","  84,780 ","  23,306 ","  54,842 ","  40,880 ","  44,034 ","  3,387 ","  325,810 ","  29,749 ","  29,889 ","  96,195 ","  29,513 ","  21,482 ","  54,803 ","  16,758 ","  13,870 "
"2018","  34,941 ","  22,638 ","  3,063 ","  9,619 ","  44,695 ","  2,907 ","  24,855 ","  8,892 ","  9,648 ","  11,229 ","  11,429 ","  12,018 ","  19,700 ","  167,475 ","  7,167 ","  1,584 ","  3,947 ","  9,528 ","  11,306 ","  211,308 ","  293 ","  2,263 ","  5,745 ","  37,206 ","  8,668 ","  18,676 ","  1,385,439 ","  27,623 ","  26,374 ","  95,239 ","  5,165 ","  48,128 ","  821 ","  568 ","  4,994 ","  16,015 ","  11,116 ","  1,022 ","  10,605 ","  84,152 ","  884 ","  74 ","  5,794 ","  10,385 ","  41,490 ","  16,499 ","  102,184 ","  47,380 ","  1,292 ","  106,468 ","  5,516 ","  67,029 ","  2,083 ","  66,746 ","  4,922 ","  27,858 ","  11,855 ","  2,093 ","  1,833 ","  797 ","  10,662 ","  17,232 ","  7,350 ","  9,002 ","  3,861 ","  10,788 ","  9,774 ","  259,494 ","  1,298,136 ","  4,859 ","  82,239 ","  40,012 ","  353 ","  8,460 ","  60,447 ","  2,672 ","  9,116 ","  125,848 ","  18,323 ","  51,372 ","  5,718 ","  16,409 ","  51,635 ","  4,229 ","  7,234 ","  7,708 ","  4,810 ","  6,688 ","  166 ","  21,732 ","  1,962 ","  2,799 ","  610 ","  1,927 ","  35,496 ","  3,453 ","  25,684 ","  121,656 ","  2,119 ","  16,507 ","  487 ","  54,400 ","  614 ","  3,103 ","  25,998 ","  3,840 ","  1,364 ","  20,217 ","  31,143 ","  2,554 ","  21,234 ","  202,534 ","  6,085 ","  17,232 ","  5,313 ","  29,718 ","  4,840 ","  4,725 ","  219,964 ","  3,801 ","  31,382 ","  112,106 ","  38,371 ","  3,295 ","  25,381 ","  10,221 ","  7,099 ","  4,615 ","  2,606 ","  19,191 ","  146,476 ","  11,916 ","  33,344 ","  41,774 ","  16,356 ","  5,996 ","  6,312 ","  6,368 ","  7,078 ","  204 ","  294,474 ","  5,409 ","  2,067 ","  10,175 ","  1,087 ","  95 ","  16,931 ","  15,253 ","  8,176 ","  67,515 ","  8,604 ","  5,410 ","  1,215 ","  11,478 ","  85,935 ","  23,324 ","  56,367 ","  42,331 ","  43,952 ","  3,396 ","  327,835 ","  30,023 ","  28,890 ","  97,076 ","  30,217 ","  21,424 ","  55,341 ","  17,255 ","  14,097 "
